Timestamp,market-price
08/20/10 0:00,0.07
08/23/10 0:00,0.07
08/26/10 0:00,0.07
08/29/10 0:00,0.06
09/01/10 0:00,0.06
09/04/10 0:00,0.06
09/07/10 0:00,0.06
09/10/10 0:00,0.06
09/13/10 0:00,0.06
09/16/10 0:00,0.15
09/19/10 0:00,0.06
09/22/10 0:00,0.06
09/25/10 0:00,0.06
09/28/10 0:00,0.06
10/01/10 0:00,0.06
10/04/10 0:00,0.06
10/07/10 0:00,0.06
10/10/10 0:00,0.12
10/13/10 0:00,0.1
10/16/10 0:00,0.12
10/19/10 0:00,0.1
10/22/10 0:00,0.11
10/25/10 0:00,0.18
10/28/10 0:00,0.19
10/31/10 0:00,0.19
11/03/10 0:00,0.21
11/06/10 0:00,0.25
11/09/10 0:00,0.36
11/12/10 0:00,0.24
11/15/10 0:00,0.3
11/18/10 0:00,0.28
11/21/10 0:00,0.29
11/24/10 0:00,0.29
11/27/10 0:00,0.29
11/30/10 0:00,0.28
12/03/10 0:00,0.25
12/06/10 0:00,0.23
12/09/10 0:00,0.25
12/12/10 0:00,0.23
12/15/10 0:00,0.23
12/18/10 0:00,0.25
12/21/10 0:00,0.27
12/24/10 0:00,0.25
12/27/10 0:00,0.27
12/30/10 0:00,0.3
01/02/11 0:00,0.3
01/05/11 0:00,0.3
01/08/11 0:00,0.32
01/11/11 0:00,0.33
01/14/11 0:00,0.42
01/17/11 0:00,0.4
01/20/11 0:00,0.35
01/23/11 0:00,0.43
01/26/11 0:00,0.43
01/29/11 0:00,0.45
02/01/11 0:00,0.61
02/04/11 0:00,0.78
02/07/11 0:00,0.92
02/10/11 0:00,0.97
02/13/11 0:00,1.09
02/16/11 0:00,1.08
02/19/11 0:00,1.04
02/22/11 0:00,0.88
02/25/11 0:00,0.96
02/28/11 0:00,0.96
03/03/11 0:00,0.95
03/06/11 0:00,0.92
03/09/11 0:00,0.9
03/12/11 0:00,0.93
03/15/11 0:00,0.9
03/18/11 0:00,0.87
03/21/11 0:00,0.79
03/24/11 0:00,0.86
03/27/11 0:00,0.9
03/30/11 0:00,0.8
04/02/11 0:00,0.8
04/05/11 0:00,0.77
04/08/11 0:00,0.78
04/11/11 0:00,0.76
04/14/11 0:00,0.99
04/17/11 0:00,1.09
04/20/11 0:00,1.19
04/23/11 0:00,1.38
04/26/11 0:00,1.71
04/29/11 0:00,2.66
05/02/11 0:00,3.95
05/05/11 0:00,3.56
05/08/11 0:00,3.75
05/11/11 0:00,5.41
05/14/11 0:00,8.56
05/17/11 0:00,8.47
05/20/11 0:00,7.28
05/23/11 0:00,6.81
05/26/11 0:00,7.95
05/29/11 0:00,8.68
06/01/11 0:00,9.47
06/04/11 0:00,15.05
06/07/11 0:00,19.19
06/10/11 0:00,32.34
06/13/11 0:00,24.87
06/16/11 0:00,19.99
06/19/11 0:00,17.6
06/22/11 0:00,15.39
06/25/11 0:00,16.95
06/28/11 0:00,17.89
07/01/11 0:00,17.38
07/04/11 0:00,15.74
07/07/11 0:00,16.44
07/10/11 0:00,15.16
07/13/11 0:00,14.52
07/16/11 0:00,14.25
07/19/11 0:00,13.93
07/22/11 0:00,13.94
07/25/11 0:00,14.16
07/28/11 0:00,14.1
07/31/11 0:00,14.06
08/03/11 0:00,13.37
08/06/11 0:00,11.42
08/09/11 0:00,9.66
08/12/11 0:00,10.35
08/15/11 0:00,11.4
08/18/11 0:00,11.39
08/21/11 0:00,11.75
08/24/11 0:00,11.47
08/27/11 0:00,10.01
08/30/11 0:00,9.4
09/02/11 0:00,8.46
09/05/11 0:00,8.56
09/08/11 0:00,7.53
09/11/11 0:00,6.49
09/14/11 0:00,6.19
09/17/11 0:00,5.18
09/20/11 0:00,5.89
09/23/11 0:00,5.8
09/26/11 0:00,5.49
09/29/11 0:00,4.95
10/02/11 0:00,5.27
10/05/11 0:00,5.03
10/08/11 0:00,4.79
10/11/11 0:00,4.23
10/14/11 0:00,4.37
10/17/11 0:00,3.87
10/20/11 0:00,2.59
10/23/11 0:00,3.31
10/26/11 0:00,3
10/29/11 0:00,3.39
11/01/11 0:00,3.38
11/04/11 0:00,3.28
11/07/11 0:00,3.04
11/10/11 0:00,3.09
11/13/11 0:00,3.11
11/16/11 0:00,2.67
11/19/11 0:00,2.37
11/22/11 0:00,2.3
11/25/11 0:00,2.48
11/28/11 0:00,2.51
12/01/11 0:00,3
12/04/11 0:00,3.1
12/07/11 0:00,3.06
12/10/11 0:00,3.04
12/13/11 0:00,3.33
12/16/11 0:00,3.2
12/19/11 0:00,3.36
12/22/11 0:00,4.08
12/25/11 0:00,4.06
12/28/11 0:00,4.09
12/31/11 0:00,4.47
01/03/12 0:00,5.45
01/06/12 0:00,6.6
01/09/12 0:00,7.2
01/12/12 0:00,7.1
01/15/12 0:00,6.81
01/18/12 0:00,6.97
01/21/12 0:00,6.57
01/24/12 0:00,6.47
01/27/12 0:00,6.08
01/30/12 0:00,5.72
02/02/12 0:00,5.77
02/05/12 0:00,5.99
02/08/12 0:00,5.74
02/11/12 0:00,5.94
02/14/12 0:00,5.69
02/17/12 0:00,4.74
02/20/12 0:00,4.38
02/23/12 0:00,4.63
02/26/12 0:00,5.05
02/29/12 0:00,4.98
03/03/12 0:00,4.94
03/06/12 0:00,5.04
03/09/12 0:00,4.99
03/12/12 0:00,4.98
03/15/12 0:00,5.45
03/18/12 0:00,5.4
03/21/12 0:00,4.95
03/24/12 0:00,4.81
03/27/12 0:00,4.74
03/30/12 0:00,4.85
04/02/12 0:00,4.97
04/05/12 0:00,4.96
04/08/12 0:00,4.94
04/11/12 0:00,4.9
04/14/12 0:00,4.97
04/17/12 0:00,4.99
04/20/12 0:00,5.19
04/23/12 0:00,5.3
04/26/12 0:00,5.16
04/29/12 0:00,5.09
05/02/12 0:00,5.04
05/05/12 0:00,5.15
05/08/12 0:00,5.1
05/11/12 0:00,5.1
05/14/12 0:00,5.01
05/17/12 0:00,5.1
05/20/12 0:00,5.14
05/23/12 0:00,5.13
05/26/12 0:00,5.15
05/29/12 0:00,5.16
06/01/12 0:00,5.21
06/04/12 0:00,5.27
06/07/12 0:00,5.48
06/10/12 0:00,5.68
06/13/12 0:00,5.76
06/16/12 0:00,6.27
06/19/12 0:00,6.48
06/22/12 0:00,6.8
06/25/12 0:00,6.56
06/28/12 0:00,6.58
07/01/12 0:00,6.69
07/04/12 0:00,6.71
07/07/12 0:00,6.74
07/10/12 0:00,6.98
07/13/12 0:00,7.46
07/16/12 0:00,7.8
07/19/12 0:00,9.37
07/22/12 0:00,9.53
07/25/12 0:00,8.91
07/28/12 0:00,8.95
07/31/12 0:00,9.22
08/03/12 0:00,10.12
08/06/12 0:00,11.21
08/09/12 0:00,11.35
08/12/12 0:00,11.64
08/15/12 0:00,12.3
08/18/12 0:00,15.37
08/21/12 0:00,10.45
08/24/12 0:00,10.25
08/27/12 0:00,10.99
08/30/12 0:00,11.14
09/02/12 0:00,10.36
09/05/12 0:00,10.59
09/08/12 0:00,11.27
09/11/12 0:00,11.14
09/14/12 0:00,11.48
09/17/12 0:00,11.98
09/20/12 0:00,12.63
09/23/12 0:00,12.4
09/26/12 0:00,12.24
09/29/12 0:00,12.46
10/02/12 0:00,12.58
10/05/12 0:00,13.07
10/08/12 0:00,12.58
10/11/12 0:00,12.16
10/14/12 0:00,12.1
10/17/12 0:00,11.99
10/20/12 0:00,11.94
10/23/12 0:00,11.86
10/26/12 0:00,11.56
10/29/12 0:00,10.69
11/01/12 0:00,11.17
11/04/12 0:00,10.62
11/07/12 0:00,10.97
11/10/12 0:00,11.04
11/13/12 0:00,11.17
11/16/12 0:00,11.28
11/19/12 0:00,11.82
11/22/12 0:00,11.9
11/25/12 0:00,12.46
11/28/12 0:00,12.5
12/01/12 0:00,12.66
12/04/12 0:00,12.75
12/07/12 0:00,13.69
12/10/12 0:00,13.53
12/13/12 0:00,13.8
12/16/12 0:00,13.75
12/19/12 0:00,13.4
12/22/12 0:00,13.63
12/25/12 0:00,13.45
12/28/12 0:00,13.51
12/31/12 0:00,13.57
01/03/13 0:00,13.42
01/06/13 0:00,13.54
01/09/13 0:00,13.84
01/12/13 0:00,14.31
01/15/13 0:00,14.34
01/18/13 0:00,15.53
01/21/13 0:00,16.15
01/24/13 0:00,17.97
01/27/13 0:00,17.71
01/30/13 0:00,19.78
02/02/13 0:00,21.25
02/05/13 0:00,20.99
02/08/13 0:00,22.15
02/11/13 0:00,23.97
02/14/13 0:00,24.3
02/17/13 0:00,27.39
02/20/13 0:00,29.48
02/23/13 0:00,30.52
02/26/13 0:00,30.4
03/01/13 0:00,33.36
03/04/13 0:00,34.25
03/07/13 0:00,42
03/10/13 0:00,46.93
03/13/13 0:00,44.32
03/16/13 0:00,46.9
03/19/13 0:00,52.12
03/22/13 0:00,70.25
03/25/13 0:00,71.93
03/28/13 0:00,88.8
03/31/13 0:00,92.5
04/03/13 0:00,117.34
04/06/13 0:00,142.1
04/09/13 0:00,186.96
04/12/13 0:00,124.9
04/15/13 0:00,100
04/18/13 0:00,93.9
04/21/13 0:00,127.5
04/24/13 0:00,142.5
04/27/13 0:00,137
04/30/13 0:00,144.54
05/03/13 0:00,103.3
05/06/13 0:00,115.98
05/09/13 0:00,113.35
05/12/13 0:00,115.68
05/15/13 0:00,112
05/18/13 0:00,123.32
05/21/13 0:00,122.02
05/24/13 0:00,126.7
05/27/13 0:00,133.5
05/30/13 0:00,132.3
06/02/13 0:00,129.3
06/05/13 0:00,121.42
06/08/13 0:00,111.5
06/11/13 0:00,106.1
06/14/13 0:00,103.9
06/17/13 0:00,99.9
06/20/13 0:00,107.68
06/23/13 0:00,108.35
06/26/13 0:00,103.89
06/29/13 0:00,94.65
07/02/13 0:00,87
07/05/13 0:00,80.04
07/08/13 0:00,75
07/11/13 0:00,87.9
07/14/13 0:00,98
07/17/13 0:00,97.05
07/20/13 0:00,92
07/23/13 0:00,91.99
07/26/13 0:00,97
07/29/13 0:00,98.7
08/01/13 0:00,106.2
08/04/13 0:00,104.95
08/07/13 0:00,106.56
08/10/13 0:00,102.8
08/13/13 0:00,106.64
08/16/13 0:00,98.08
08/19/13 0:00,99.3
08/22/13 0:00,110.43
08/25/13 0:00,109.04
08/28/13 0:00,117.72
08/31/13 0:00,124.84
09/03/13 0:00,130.09
09/06/13 0:00,122.63
09/09/13 0:00,118.18
09/12/13 0:00,126.54
09/15/13 0:00,124.05
09/18/13 0:00,139.15
09/21/13 0:00,123.04
09/24/13 0:00,122.65
09/27/13 0:00,124.65
09/30/13 0:00,127.01
10/03/13 0:00,103.85
10/06/13 0:00,121.2
10/09/13 0:00,124.12
10/12/13 0:00,127.41
10/15/13 0:00,135.17
10/18/13 0:00,143.94
10/21/13 0:00,186.12
10/24/13 0:00,203.7
10/27/13 0:00,179.56
10/30/13 0:00,216
11/02/13 0:00,203
11/05/13 0:00,229.95
11/08/13 0:00,291.02
11/11/13 0:00,328
11/14/13 0:00,393
11/17/13 0:00,437.24
11/20/13 0:00,547
11/23/13 0:00,795
11/26/13 0:00,814.56
11/29/13 0:00,1014.1
12/02/13 0:00,955.01
12/05/13 0:00,1136.9
12/08/13 0:00,705.91
12/11/13 0:00,978.76
12/14/13 0:00,885
12/17/13 0:00,690
12/20/13 0:00,685.3
12/23/13 0:00,614.11
12/26/13 0:00,679.02
12/29/13 0:00,715
01/01/14 0:00,732
01/04/14 0:00,807.39
01/07/14 0:00,915.69
01/10/14 0:00,826.28
01/13/14 0:00,844.04
01/16/14 0:00,841.83
01/19/14 0:00,811.2
01/22/14 0:00,824.78
01/25/14 0:00,780.02
01/28/14 0:00,747.57
01/31/14 0:00,800
02/03/14 0:00,814.34
02/06/14 0:00,781
02/09/14 0:00,680.8
02/12/14 0:00,675.1
02/15/14 0:00,670.29
02/18/14 0:00,629.96
02/21/14 0:00,563
02/24/14 0:00,611.05
02/27/14 0:00,585.21
03/02/14 0:00,567.48
03/05/14 0:00,673.28
03/08/14 0:00,631.99
03/11/14 0:00,629.33
03/14/14 0:00,641.01
03/17/14 0:00,634.99
03/20/14 0:00,611.2
03/23/14 0:00,563.01
03/26/14 0:00,585.79
03/29/14 0:00,499.6
04/01/14 0:00,457.49
04/04/14 0:00,448.72
04/07/14 0:00,458
04/10/14 0:00,441.93
04/13/14 0:00,423.37
04/16/14 0:00,523
04/19/14 0:00,482.11
04/22/14 0:00,498.38
04/25/14 0:00,502.15
04/28/14 0:00,438.8
05/01/14 0:00,452.03
05/04/14 0:00,440
05/07/14 0:00,428.01
05/10/14 0:00,449
05/13/14 0:00,442.45
05/16/14 0:00,446.53
05/19/14 0:00,446.89
05/22/14 0:00,493.97
05/25/14 0:00,527.91
05/28/14 0:00,572.7
05/31/14 0:00,621.3
06/03/14 0:00,662
06/06/14 0:00,661.48
06/09/14 0:00,657.11
06/12/14 0:00,624.97
06/15/14 0:00,572.28
06/18/14 0:00,608
06/21/14 0:00,593.48
06/24/14 0:00,588.25
06/27/14 0:00,577.34
06/30/14 0:00,599.99
07/03/14 0:00,650.49
07/06/14 0:00,631
07/09/14 0:00,624.97
07/12/14 0:00,634
07/15/14 0:00,621.21
07/18/14 0:00,625.8
07/21/14 0:00,627
07/24/14 0:00,620.43
07/27/14 0:00,595.9
07/30/14 0:00,585.5
08/02/14 0:00,595.76
08/05/14 0:00,588.5
08/08/14 0:00,585.02
08/11/14 0:00,590.74
08/14/14 0:00,549.98
08/17/14 0:00,523.88
08/20/14 0:00,490
08/23/14 0:00,515.69
08/26/14 0:00,501.55
08/29/14 0:00,506.61
09/01/14 0:00,478.87
09/04/14 0:00,474.5
09/07/14 0:00,479.59
09/10/14 0:00,473.35
09/13/14 0:00,474.62
09/16/14 0:00,470.83
09/19/14 0:00,425.56
09/22/14 0:00,401.15
09/25/14 0:00,423.68
09/28/14 0:00,400.39
10/01/14 0:00,390.18
10/04/14 0:00,358.9
10/07/14 0:00,327.61
10/10/14 0:00,363.61
10/13/14 0:00,380.8
10/16/14 0:00,394.84
10/19/14 0:00,391
10/22/14 0:00,385.89
10/25/14 0:00,358.49
10/28/14 0:00,350.9
10/31/14 0:00,345.3
11/03/14 0:00,324.36
11/06/14 0:00,338.63
11/09/14 0:00,346.94
11/12/14 0:00,369.41
11/15/14 0:00,399.11
11/18/14 0:00,388.87
11/21/14 0:00,356.47
11/24/14 0:00,367.12
11/27/14 0:00,366.86
11/30/14 0:00,375.59
12/03/14 0:00,379.62
12/06/14 0:00,376
12/09/14 0:00,362.99
12/12/14 0:00,348.97
12/15/14 0:00,357.8
12/18/14 0:00,321.34
12/21/14 0:00,331.52
12/24/14 0:00,336.95
12/27/14 0:00,329.94
12/30/14 0:00,313.4
01/02/15 0:00,314.81
01/05/15 0:00,263.17
01/08/15 0:00,297.99
01/11/15 0:00,275.97
01/14/15 0:00,222
01/17/15 0:00,208.13
01/20/15 0:00,216.01
01/23/15 0:00,233.51
01/26/15 0:00,254.32
01/29/15 0:00,236.2
02/01/15 0:00,219.25
02/04/15 0:00,227.53
02/07/15 0:00,222.36
02/10/15 0:00,219.93
02/13/15 0:00,222.33
02/16/15 0:00,234.18
02/19/15 0:00,237.44
02/22/15 0:00,245.41
02/25/15 0:00,239.94
02/28/15 0:00,252.11
03/03/15 0:00,275.87
03/06/15 0:00,273.11
03/09/15 0:00,275
03/12/15 0:00,296.56
03/15/15 0:00,282.2
03/18/15 0:00,284.48
03/21/15 0:00,262.1
03/24/15 0:00,265.99
03/27/15 0:00,249.23
03/30/15 0:00,242.34
04/02/15 0:00,246.49
04/05/15 0:00,253.67
04/08/15 0:00,253.9
04/11/15 0:00,236
04/14/15 0:00,223.01
04/17/15 0:00,227.5
04/20/15 0:00,222.61
04/23/15 0:00,233.59
04/26/15 0:00,226.29
04/29/15 0:00,225.2
05/02/15 0:00,230.97
05/05/15 0:00,238.25
05/08/15 0:00,237.16
05/11/15 0:00,239.11
05/14/15 0:00,235.97
05/17/15 0:00,236.63
05/20/15 0:00,231.4
05/23/15 0:00,238.8
05/26/15 0:00,235.59
05/29/15 0:00,236.44
06/01/15 0:00,228.34
06/04/15 0:00,225.4
06/07/15 0:00,224.99
06/10/15 0:00,228.88
06/13/15 0:00,229.6
06/16/15 0:00,236
06/19/15 0:00,248.26
06/22/15 0:00,243.55
06/25/15 0:00,240.2
06/28/15 0:00,251.21
07/01/15 0:00,262.43
07/04/15 0:00,256.12
07/07/15 0:00,268.53
07/10/15 0:00,269
07/13/15 0:00,310.55
07/16/15 0:00,285.66
07/19/15 0:00,276.74
07/22/15 0:00,276.76
07/25/15 0:00,289
07/28/15 0:00,293.93
07/31/15 0:00,288.45
08/03/15 0:00,282.26
08/06/15 0:00,281
08/09/15 0:00,262.22
08/12/15 0:00,270.98
08/15/15 0:00,265.93
08/18/15 0:00,256.66
08/21/15 0:00,235.31
08/24/15 0:00,228.14
08/27/15 0:00,225.04
08/30/15 0:00,229.63
09/02/15 0:00,227.97
09/05/15 0:00,230.73
09/08/15 0:00,240.47
09/11/15 0:00,238.81
09/14/15 0:00,230
09/17/15 0:00,228.33
09/20/15 0:00,230.25
09/23/15 0:00,230.42
09/26/15 0:00,235.22
09/29/15 0:00,239.14
10/02/15 0:00,238.03
10/05/15 0:00,238.4
10/08/15 0:00,243.01
10/11/15 0:00,245.72
10/14/15 0:00,249.98
10/17/15 0:00,262.26
10/20/15 0:00,263.59
10/23/15 0:00,274.35
10/26/15 0:00,282.8
10/29/15 0:00,304.79
11/01/15 0:00,310.18
11/04/15 0:00,404.5
11/07/15 0:00,373.69
11/10/15 0:00,380.62
11/13/15 0:00,340.81
11/16/15 0:00,318.97
11/19/15 0:00,333.66
11/22/15 0:00,326.31
11/25/15 0:00,319.64
11/28/15 0:00,358
12/01/15 0:00,377.27
12/04/15 0:00,361.47
12/07/15 0:00,387.3
12/10/15 0:00,416.49
12/13/15 0:00,436.2
12/16/15 0:00,463.98
12/19/15 0:00,463
12/22/15 0:00,438.35
12/25/15 0:00,456
12/28/15 0:00,422.42
12/31/15 0:00,428.23
01/03/16 0:00,432.76
01/06/16 0:00,432.43
01/09/16 0:00,452.64
01/12/16 0:00,447.98
01/15/16 0:00,429.55
01/18/16 0:00,380.16
01/21/16 0:00,420.35
01/24/16 0:00,385.09
01/27/16 0:00,391.66
01/30/16 0:00,378.18
02/02/16 0:00,371.99
02/05/16 0:00,388
02/08/16 0:00,375
02/11/16 0:00,379.14
02/14/16 0:00,389.88
02/17/16 0:00,407
02/20/16 0:00,419.98
02/23/16 0:00,436.76
02/26/16 0:00,423.46
02/29/16 0:00,431.89
03/03/16 0:00,422.5
03/06/16 0:00,399.17
03/09/16 0:00,412.15
03/12/16 0:00,420.11
03/15/16 0:00,414.99
03/18/16 0:00,418.49
03/21/16 0:00,411.81
03/24/16 0:00,417.96
03/27/16 0:00,416.96
03/30/16 0:00,415.83
04/02/16 0:00,416.31
04/05/16 0:00,419.71
04/08/16 0:00,419.95
04/11/16 0:00,420.75
04/14/16 0:00,423.87
04/17/16 0:00,430.58
04/20/16 0:00,435.95
04/23/16 0:00,447.7
04/26/16 0:00,462.5
04/29/16 0:00,449.98
05/02/16 0:00,453
05/05/16 0:00,446.84
05/08/16 0:00,459.02
05/11/16 0:00,450.78
05/14/16 0:00,455.82
05/17/16 0:00,454
05/20/16 0:00,436.05
05/23/16 0:00,438.47
05/26/16 0:00,448.7
05/29/16 0:00,526.64
06/01/16 0:00,531.97
06/04/16 0:00,567.88
06/07/16 0:00,583.72
06/10/16 0:00,574.32
06/13/16 0:00,665.85
06/16/16 0:00,693.88
06/19/16 0:00,751.96
06/22/16 0:00,664.46
06/25/16 0:00,665
06/28/16 0:00,651.85
07/01/16 0:00,667.95
07/04/16 0:00,656.97
07/07/16 0:00,673.76
07/10/16 0:00,647.41
07/13/16 0:00,664.5
07/16/16 0:00,663.19
07/19/16 0:00,673.46
07/22/16 0:00,664
07/25/16 0:00,661.48
07/28/16 0:00,655.37
07/31/16 0:00,654.68
08/03/16 0:00,530.74
08/06/16 0:00,572.72
08/09/16 0:00,591.69
08/12/16 0:00,586.01
08/15/16 0:00,567.34
08/18/16 0:00,570.92
08/21/16 0:00,577.52
08/24/16 0:00,581.98
08/27/16 0:00,577.77
08/30/16 0:00,571.5
09/02/16 0:00,571
09/05/16 0:00,603.95
09/08/16 0:00,615.33
09/11/16 0:00,621.65
09/14/16 0:00,608.82
09/17/16 0:00,607.04
09/20/16 0:00,608.66
09/23/16 0:00,594.08
09/26/16 0:00,598.98
09/29/16 0:00,603.85
10/02/16 0:00,612.98
10/05/16 0:00,607.18
10/08/16 0:00,614.74
10/11/16 0:00,614.77
10/14/16 0:00,634.02
10/17/16 0:00,638.97
10/20/16 0:00,627.72
10/23/16 0:00,653.25
10/26/16 0:00,651.45
10/29/16 0:00,685.91
11/01/16 0:00,697.01
11/04/16 0:00,683.69
11/07/16 0:00,709.96
11/10/16 0:00,721.5
11/13/16 0:00,702.28
11/16/16 0:00,711.73
11/19/16 0:00,748.98
11/22/16 0:00,736.97
11/25/16 0:00,735.64
11/28/16 0:00,727.31
12/01/16 0:00,742.05
12/04/16 0:00,762.97
12/07/16 0:00,758.99
12/10/16 0:00,769.08
12/13/16 0:00,777.99
12/16/16 0:00,775.88
12/19/16 0:00,788.67
12/22/16 0:00,834.97
12/25/16 0:00,892.6
12/28/16 0:00,930.34
12/31/16 0:00,958.12
01/03/17 0:00,1013.42
01/06/17 0:00,999.65
01/09/17 0:00,910.49
01/12/17 0:00,780.92
01/15/17 0:00,819.55
01/18/17 0:00,906.6
01/21/17 0:00,895.64
01/24/17 0:00,919.97
01/27/17 0:00,915.05
01/30/17 0:00,912.19
02/02/17 0:00,983.42
02/05/17 0:00,1034.07
02/08/17 0:00,1052.84
02/11/17 0:00,997.59
02/14/17 0:00,1001.2
02/17/17 0:00,1035.2
02/20/17 0:00,1050.87
02/23/17 0:00,1130.01
02/26/17 0:00,1150.37
03/01/17 0:00,1190.89
03/04/17 0:00,1287
03/07/17 0:00,1279.5
03/10/17 0:00,1192.09
03/13/17 0:00,1227.68
03/16/17 0:00,1257
03/19/17 0:00,967.69
03/22/17 0:00,1113
03/25/17 0:00,927.93
03/28/17 0:00,1041.04
03/31/17 0:00,1034.74
04/03/17 0:00,1079.99
04/06/17 0:00,1133.53
04/09/17 0:00,1184.03
04/12/17 0:00,1219.09
04/15/17 0:00,1170.36
04/18/17 0:00,1176.97
04/21/17 0:00,1236.63
04/24/17 0:00,1240.84
04/27/17 0:00,1288.02
04/30/17 0:00,1333
05/03/17 0:00,1447.55
05/06/17 0:00,1518.75
05/09/17 0:00,1651.1
05/12/17 0:00,1829
05/15/17 0:00,1780
05/18/17 0:00,1783.98
05/21/17 0:00,2008.84
05/24/17 0:00,2256.32
05/27/17 0:00,2279.82
05/30/17 0:00,2290.02
06/02/17 0:00,2409.93
06/05/17 0:00,2529.53
06/08/17 0:00,2683.03
06/11/17 0:00,2898.63
06/14/17 0:00,2706
06/17/17 0:00,2477.94
06/20/17 0:00,2600
06/23/17 0:00,2713.48
06/26/17 0:00,2502.03
06/29/17 0:00,2558.3
07/02/17 0:00,2421.26
07/05/17 0:00,2598.89
07/08/17 0:00,2502.86
07/11/17 0:00,2327.09
07/14/17 0:00,2338.49
07/17/17 0:00,1910.96
07/20/17 0:00,2265.21
07/23/17 0:00,2825.51
07/26/17 0:00,2564.3
07/29/17 0:00,2784.8
08/01/17 0:00,2862.9
08/04/17 0:00,2790
08/07/17 0:00,3210.2
08/10/17 0:00,3340.28
08/13/17 0:00,3868.52
08/16/17 0:00,4179.97
08/19/17 0:00,4104.71
08/22/17 0:00,3986.28
08/25/17 0:00,4331.77
08/28/17 0:00,4339.05
08/31/17 0:00,4582.52
09/03/17 0:00,4585.57
09/06/17 0:00,4385.02
09/09/17 0:00,4312.26
09/12/17 0:00,4198.59
09/15/17 0:00,3216.43
09/18/17 0:00,3678.53
09/21/17 0:00,3894.48
09/24/17 0:00,3777.62
09/27/17 0:00,3881
09/30/17 0:00,4164.27
10/03/17 0:00,4394.07
10/06/17 0:00,4318.58
10/09/17 0:00,4605.66
10/12/17 0:00,4822.17
10/15/17 0:00,5825.99
10/18/17 0:00,5594.66
10/21/17 0:00,5986.44
10/24/17 0:00,5900.59
10/27/17 0:00,5889.82
10/30/17 0:00,6136.49
11/02/17 0:00,6751.98
11/05/17 0:00,7365.99
11/08/17 0:00,7128.64
11/11/17 0:00,6569.22
11/14/17 0:00,6493.63
11/17/17 0:00,7868.77
11/20/17 0:00,8049.72
11/23/17 0:00,8236.72
11/26/17 0:00,8768.8
11/29/17 0:00,9919
12/02/17 0:00,10879.88
12/05/17 0:00,11591.22
12/08/17 0:00,16860.88
12/11/17 0:00,15068.95
12/14/17 0:00,16252.31
12/17/17 0:00,19279.9
12/20/17 0:00,17382.94
12/23/17 0:00,13776.61
12/26/17 0:00,13740.94
12/29/17 0:00,14214.01
01/01/18 0:00,13796
01/04/18 0:00,15039.24
01/07/18 0:00,17155.95
01/10/18 0:00,14437.42
01/13/18 0:00,13791.19
01/16/18 0:00,13554.14
01/19/18 0:00,11174.82
01/22/18 0:00,11513.42
01/25/18 0:00,11392.03
01/28/18 0:00,11431.37
01/31/18 0:00,10082.52
02/03/18 0:00,8852.73
02/06/18 0:00,6925.46
02/09/18 0:00,8245.08
02/12/18 0:00,8068.02
02/15/18 0:00,9471.64
02/18/18 0:00,11085.83
02/21/18 0:00,11245.98
02/24/18 0:00,10171.3
02/27/18 0:00,10319.46
03/02/18 0:00,10931.12
03/05/18 0:00,11516.83
03/08/18 0:00,9920.46
03/11/18 0:00,8777.37
03/14/18 0:00,9153.54
03/17/18 0:00,8297.89
03/20/18 0:00,8605.64
03/23/18 0:00,8725.37
03/26/18 0:00,8457.96
03/29/18 0:00,7950.61
04/01/18 0:00,6937.56
04/04/18 0:00,7426.48
04/07/18 0:00,6634.68
04/10/18 0:00,6784.41
04/13/18 0:00,7941.46
04/16/18 0:00,8368.1
04/19/18 0:00,8175.96
04/22/18 0:00,8930.6
04/25/18 0:00,9658.11
04/28/18 0:00,8928.55
05/01/18 0:00,9239.55
05/04/18 0:00,9753.35
05/07/18 0:00,9631.44
05/10/18 0:00,9310.37
05/13/18 0:00,8463.52
05/16/18 0:00,8471.06
05/19/18 0:00,8239.08
05/22/18 0:00,8396.63
05/25/18 0:00,7576.78
05/28/18 0:00,7344.56
05/31/18 0:00,7386.72
06/03/18 0:00,7637.14
06/06/18 0:00,7619.43
06/09/18 0:00,7615.54
06/12/18 0:00,6879.31
06/15/18 0:00,6637.41
06/18/18 0:00,6445.79
06/21/18 0:00,6760.83
06/24/18 0:00,6170.46
06/27/18 0:00,6097.46
06/30/18 0:00,6223.28
07/03/18 0:00,6626.44
07/06/18 0:00,6555.51
07/09/18 0:00,6724.04
07/12/18 0:00,6403.18
07/15/18 0:00,6248.84
07/18/18 0:00,7321.62
07/21/18 0:00,7334.99
07/24/18 0:00,7715.1
07/27/18 0:00,7939.81
07/30/18 0:00,8220.91
08/02/18 0:00,7607.7
08/05/18 0:00,7011.28
08/08/18 0:00,6718.23
08/11/18 0:00,6138.96
08/14/18 0:00,6252.13
08/17/18 0:00,6312.75
08/20/18 0:00,6486.58
08/23/18 0:00,6354.57
08/26/18 0:00,6738.27
08/29/18 0:00,7078.19
09/01/18 0:00,7018.78
09/04/18 0:00,7265.08
09/07/18 0:00,6501.19
09/10/18 0:00,6240.98
09/13/18 0:00,6326.04
09/16/18 0:00,6522.39
09/19/18 0:00,6342.39
09/22/18 0:00,6756.12
09/25/18 0:00,6583.45
09/28/18 0:00,6686.08
10/01/18 0:00,6611.02
10/04/18 0:00,6483.73
10/07/18 0:00,6573.62
10/10/18 0:00,6626.85
10/13/18 0:00,6247
10/16/18 0:00,6599.17
10/19/18 0:00,6509.61
10/22/18 0:00,6504.78
10/25/18 0:00,6489.77
10/28/18 0:00,6457.21
10/31/18 0:00,6301.61
11/03/18 0:00,6390.42
11/06/18 0:00,6437.76
11/09/18 0:00,6444.97
11/12/18 0:00,6408.53
11/15/18 0:00,5756.77
11/18/18 0:00,5572.44
11/21/18 0:00,4491.98
11/24/18 0:00,4352.98
11/27/18 0:00,3793.35
11/30/18 0:00,4278.77
12/03/18 0:00,4140.6
12/06/18 0:00,3744.98
12/09/18 0:00,3453.66
12/12/18 0:00,3407.28
12/15/18 0:00,3242.42
12/18/18 0:00,3556.54
12/21/18 0:00,4135.19
12/24/18 0:00,3995.17
12/27/18 0:00,3848.21
12/30/18 0:00,3770.36
01/02/19 0:00,3855.88
01/05/19 0:00,3856.62
01/08/19 0:00,4032.25
01/11/19 0:00,3646.25
01/14/19 0:00,3531.96
01/17/19 0:00,3621.43
01/20/19 0:00,3703.98
01/23/19 0:00,3587.35
01/26/19 0:00,3577.79
01/29/19 0:00,3448.58
02/01/19 0:00,3444.81
02/04/19 0:00,3456.02
02/07/19 0:00,3405.7
02/10/19 0:00,3664.38
02/13/19 0:00,3632.42
02/16/19 0:00,3608.2
02/19/19 0:00,3910.8
02/22/19 0:00,3944.88
02/25/19 0:00,3766.89
02/28/19 0:00,3833.23
03/03/19 0:00,3831.44
03/06/19 0:00,3872.25
03/09/19 0:00,3875.96
03/12/19 0:00,3881.09
03/15/19 0:00,3885.21
03/18/19 0:00,3994.92
03/21/19 0:00,4056.4
03/24/19 0:00,4011.92
03/27/19 0:00,3947.74
03/30/19 0:00,4115.55
04/02/19 0:00,4152.53
04/05/19 0:00,4911.24
04/08/19 0:00,5189.39
04/11/19 0:00,5310.18
04/14/19 0:00,5064.62
04/17/19 0:00,5196.65
04/20/19 0:00,5277.04
04/23/19 0:00,5377.19
04/26/19 0:00,5195.61
04/29/19 0:00,5301.29
05/02/19 0:00,5326.67
05/05/19 0:00,5771.08
05/08/19 0:00,5755.72
05/11/19 0:00,6348.02
05/14/19 0:00,7823.11
05/17/19 0:00,7885.96
05/20/19 0:00,8193.7
05/23/19 0:00,7625.93
05/26/19 0:00,8071.45
05/29/19 0:00,8719.88
06/01/19 0:00,8553.81
06/04/19 0:00,8134.92
06/07/19 0:00,7803.23
06/10/19 0:00,7640.61
06/13/19 0:00,8173.06
06/16/19 0:00,8859.47
06/19/19 0:00,9076.18
06/22/19 0:00,10209.38
06/25/19 0:00,11017.5
06/28/19 0:00,11132.85
07/01/19 0:00,10737.73
07/04/19 0:00,11984.76
07/07/19 0:00,11232.04
07/10/19 0:00,12586.78
07/13/19 0:00,11803.97
07/16/19 0:00,10873.5
07/19/19 0:00,10638.56
07/22/19 0:00,10587.41
07/25/19 0:00,9772.17
07/28/19 0:00,9473.99
07/31/19 0:00,9589.13
08/03/19 0:00,10529.55
08/06/19 0:00,11787.99
08/09/19 0:00,11996.41
08/12/19 0:00,11566.84
08/15/19 0:00,10016.96
08/18/19 0:00,10214.52
08/21/19 0:00,10760.56
08/24/19 0:00,10405.81
08/27/19 0:00,10360.28
08/30/19 0:00,9484.55
09/02/19 0:00,9769.79
09/05/19 0:00,10584.16
09/08/19 0:00,10487.21
09/11/19 0:00,10101.03
09/14/19 0:00,10363.9
09/17/19 0:00,10265.63
09/20/19 0:00,10275.88
09/23/19 0:00,10033.05
09/26/19 0:00,8432.23
09/29/19 0:00,8225
10/02/19 0:00,8322.92
10/05/19 0:00,8155.48
10/08/19 0:00,8212.02
10/11/19 0:00,8586.9
10/14/19 0:00,8283.76
10/17/19 0:00,8002.51
10/20/19 0:00,7960.04
10/23/19 0:00,8026.76
10/26/19 0:00,8666.79
10/29/19 0:00,9218.76
11/01/19 0:00,9147.98
11/04/19 0:00,9206.16
11/07/19 0:00,9343.34
11/10/19 0:00,8809.41
11/13/19 0:00,8801.52
11/16/19 0:00,8457.69
11/19/19 0:00,8175.99
11/22/19 0:00,7617.07
11/25/19 0:00,6907.4
11/28/19 0:00,7523.83
12/01/19 0:00,7557.72
12/04/19 0:00,7296.77
12/07/19 0:00,7547.19
12/10/19 0:00,7337.42
12/13/19 0:00,7189.16
12/16/19 0:00,7111.14
12/19/19 0:00,7284.29
12/22/19 0:00,7143.2
12/25/19 0:00,7250.69
12/28/19 0:00,7243.93
12/31/19 0:00,7219.6
01/03/20 0:00,6944.33
01/06/20 0:00,7351.57
01/09/20 0:00,8042.65
01/12/20 0:00,8021.49
01/15/20 0:00,8842.42
01/18/20 0:00,8900.34
01/21/20 0:00,8626.47
01/24/20 0:00,8388.11
01/27/20 0:00,8588.42
01/30/20 0:00,9279.81
02/02/20 0:00,9378.09
02/05/20 0:00,9162.14
02/08/20 0:00,9807.54
02/11/20 0:00,9854.79
02/14/20 0:00,10242.43
02/17/20 0:00,9937.67
02/20/20 0:00,9604.72
02/23/20 0:00,9669.63
02/26/20 0:00,9309.15
02/29/20 0:00,8712.35
03/03/20 0:00,8912.82
03/06/20 0:00,9067.39
03/09/20 0:00,8039.38
03/12/20 0:00,7936.65
03/15/20 0:00,5166.26
03/18/20 0:00,5357.61
03/21/20 0:00,6226.44
03/24/20 0:00,6502.16
03/27/20 0:00,6763.75
03/30/20 0:00,5885.41
04/02/20 0:00,6652.87
04/05/20 0:00,6871.69
04/08/20 0:00,7205.55
04/11/20 0:00,6873.24
04/14/20 0:00,6857.66
04/17/20 0:00,7112.27
04/20/20 0:00,7130.04
04/23/20 0:00,7130.99
04/26/20 0:00,7549.52
04/29/20 0:00,7765.33
05/02/20 0:00,8824.66
05/05/20 0:00,8885.93
05/08/20 0:00,10002.48
05/11/20 0:00,8754.46
05/14/20 0:00,9305.93
05/17/20 0:00,9385.7
05/20/20 0:00,9785.74
05/23/20 0:00,9167.26
05/26/20 0:00,8899.66
05/29/20 0:00,9569.21
06/01/20 0:00,9450.84
06/04/20 0:00,9658.04
06/07/20 0:00,9670.43
06/10/20 0:00,9775.15
06/13/20 0:00,9459.97
06/16/20 0:00,9426.7
06/19/20 0:00,9380.03
06/22/20 0:00,9284.78
06/25/20 0:00,9276.58
06/28/20 0:00,9004.23
07/01/20 0:00,9133.97
07/04/20 0:00,9072.42
07/07/20 0:00,9348.91
07/10/20 0:00,9238.04
07/13/20 0:00,9295.9
07/16/20 0:00,9193.51
07/19/20 0:00,9174.71
07/22/20 0:00,9392.66
07/25/20 0:00,9551.28
07/28/20 0:00,11042.4
07/31/20 0:00,11114.93
08/03/20 0:00,11077.77
08/06/20 0:00,11750.28
08/09/20 0:00,11767.6
08/12/20 0:00,11392.43
08/15/20 0:00,11774.38
08/18/20 0:00,12293.72
08/21/20 0:00,11865.82
